-- MySQL Script generated by MySQL Workbench
-- Fri Feb 22 15:33:37 2019
-- Model: New Model    Version: 1.0
-- MySQL Workbench Forward Engineering

SET @OLD_UNIQUE_CHECKS=@@UNIQUE_CHECKS, UNIQUE_CHECKS=0;
SET @OLD_FOREIGN_KEY_CHECKS=@@FOREIGN_KEY_CHECKS, FOREIGN_KEY_CHECKS=0;
SET @OLD_SQL_MODE=@@SQL_MODE, SQL_MODE='ONLY_FULL_GROUP_BY,STRICT_TRANS_TABLES,NO_ZERO_IN_DATE,NO_ZERO_DATE,ERROR_FOR_DIVISION_BY_ZERO,NO_ENGINE_SUBSTITUTION';

-- -----------------------------------------------------
-- Schema bbsdb
-- -----------------------------------------------------

-- -----------------------------------------------------
-- Schema bbsdb
-- -----------------------------------------------------
CREATE SCHEMA IF NOT EXISTS `bbsdb` DEFAULT CHARACTER SET utf8 ;
USE `bbsdb` ;

-- -----------------------------------------------------
-- Table `bbsdb`.`images`
-- -----------------------------------------------------
DROP TABLE IF EXISTS `bbsdb`.`images` ;

CREATE TABLE IF NOT EXISTS `bbsdb`.`images` (
  `id` INT NOT NULL AUTO_INCREMENT,
  `post_id` INT NULL DEFAULT NULL,
  `rep_id` INT NULL DEFAULT NULL,
  `img_path` TEXT NOT NULL,
  `img_title` VARCHAR(20) NOT NULL,
  PRIMARY KEY (`id`),
  INDEX `fk_imgPath_post1_idx` (`post_id` ASC),
  INDEX `fk_imgPath_reply1_idx` (`rep_id` ASC))
ENGINE = InnoDB;


-- -----------------------------------------------------
-- Table `bbsdb`.`likes`
-- -----------------------------------------------------
DROP TABLE IF EXISTS `bbsdb`.`likes` ;

CREATE TABLE IF NOT EXISTS `bbsdb`.`likes` (
  `rep_id` INT NOT NULL,
  `usr_id` INT NOT NULL,
  INDEX `fk_like_reply1_idx` (`rep_id` ASC),
  PRIMARY KEY (`rep_id`, `usr_id`),
  INDEX `fk_like_users1_idx` (`usr_id` ASC))
ENGINE = InnoDB;


-- -----------------------------------------------------
-- Table `bbsdb`.`loginLogs`
-- -----------------------------------------------------
DROP TABLE IF EXISTS `bbsdb`.`loginLogs` ;

CREATE TABLE IF NOT EXISTS `bbsdb`.`loginLogs` (
  `id` INT NOT NULL AUTO_INCREMENT,
  `usr_id` INT NOT NULL,
  `login_ip` VARCHAR(15) NOT NULL,
  `login_time` DATETIME NOT NULL,
  `login_site` VARCHAR(255) NOT NULL,
  INDEX `fk_table2_users1_idx` (`usr_id` ASC),
  PRIMARY KEY (`id`))
ENGINE = InnoDB;


-- -----------------------------------------------------
-- Table `bbsdb`.`messages`
-- -----------------------------------------------------
DROP TABLE IF EXISTS `bbsdb`.`messages` ;

CREATE TABLE IF NOT EXISTS `bbsdb`.`messages` (
  `id` INT NOT NULL AUTO_INCREMENT,
  `usr_from` INT NOT NULL,
  `usr_to` INT NOT NULL,
  `msg_time` DATETIME NOT NULL DEFAULT CURRENT_TIMESTAMP,
  `msg_content` TEXT NULL,
  PRIMARY KEY (`id`),
  INDEX `fk_message_users1_idx` (`usr_from` ASC),
  INDEX `fk_message_users2_idx` (`usr_to` ASC))
ENGINE = InnoDB;


-- -----------------------------------------------------
-- Table `bbsdb`.`notices`
-- -----------------------------------------------------
DROP TABLE IF EXISTS `bbsdb`.`notices` ;

CREATE TABLE IF NOT EXISTS `bbsdb`.`notices` (
  `id` INT NOT NULL AUTO_INCREMENT,
  `bas_id` INT NOT NULL,
  `usr_from` INT NOT NULL,
  `ntc_time` DATETIME NOT NULL DEFAULT CURRENT_TIMESTAMP,
  `ntc_content` TEXT NULL,
  `ntc_deleted` ENUM('Y', 'N') NOT NULL DEFAULT 'N',
  PRIMARY KEY (`id`),
  INDEX `fk_notices_users_idx` (`usr_from` ASC),
  INDEX `fk_notices_base_idx` (`bas_id` ASC))
ENGINE = InnoDB;


-- -----------------------------------------------------
-- Table `bbsdb`.`posts`
-- -----------------------------------------------------
DROP TABLE IF EXISTS `bbsdb`.`posts` ;

CREATE TABLE IF NOT EXISTS `bbsdb`.`posts` (
  `id` INT NOT NULL AUTO_INCREMENT,
  `usr_id` INT NOT NULL,
  `post_title` VARCHAR(255) NOT NULL,
  `post_content` TEXT NULL DEFAULT NULL,
  `post_time` DATETIME NOT NULL DEFAULT CURRENT_TIMESTAMP,
  `post_quoteFrom` INT NULL DEFAULT NULL,
  `bas_id` INT NOT NULL,
  `post_mergedTo` INT NULL DEFAULT NULL,
  `post_deleted` ENUM('Y', 'N') NOT NULL DEFAULT 'N',
  `post_onTop` ENUM('Y', 'N') NOT NULL DEFAULT 'N',
  `post_repCnt` INT NOT NULL DEFAULT 0,
  `post_clickCnt` INT NOT NULL DEFAULT 0,
  `post_lastRepTime` DATETIME NOT NULL DEFAULT CURRENT_TIMESTAMP,
  PRIMARY KEY (`id`),
  INDEX `fk_posts_users1_idx` (`usr_id` ASC),
  INDEX `fk_post_column1_idx` (`bas_id` ASC))
ENGINE = InnoDB;


-- -----------------------------------------------------
-- Table `bbsdb`.`post_tag`
-- -----------------------------------------------------
DROP TABLE IF EXISTS `bbsdb`.`post_tag` ;

CREATE TABLE IF NOT EXISTS `bbsdb`.`post_tag` (
  `post_id` INT NOT NULL,
  `tag_id` INT NOT NULL,
  INDEX `fk_post_tag_tags1_idx` (`tag_id` ASC),
  INDEX `fk_post_tag_posts1_idx` (`post_id` ASC),
  PRIMARY KEY (`post_id`, `tag_id`))
ENGINE = InnoDB;


-- -----------------------------------------------------
-- Table `bbsdb`.`replies`
-- -----------------------------------------------------
DROP TABLE IF EXISTS `bbsdb`.`replies` ;

CREATE TABLE IF NOT EXISTS `bbsdb`.`replies` (
  `id` INT NOT NULL AUTO_INCREMENT,
  `usr_id` INT NOT NULL,
  `post_id` INT NOT NULL,
  `rep_to` INT NOT NULL DEFAULT -1,
  `rep_content` TEXT NOT NULL,
  `rep_time` DATETIME NOT NULL,
  `rep_likeCnt` INT NOT NULL DEFAULT 0,
  `rep_repCnt` INT NOT NULL DEFAULT 0,
  `rep_deleted` ENUM('Y', 'N') NOT NULL DEFAULT 'N',
  INDEX `fk_replies_users1_idx` (`usr_id` ASC),
  INDEX `fk_replies_posts1_idx` (`post_id` ASC),
  PRIMARY KEY (`id`))
ENGINE = InnoDB;


-- -----------------------------------------------------
-- Table `bbsdb`.`users`
-- -----------------------------------------------------
DROP TABLE IF EXISTS `bbsdb`.`users` ;

CREATE TABLE IF NOT EXISTS `bbsdb`.`users` (
  `id` INT NOT NULL AUTO_INCREMENT,
  `usr_no` VARCHAR(7) NOT NULL,
  `usr_password` VARCHAR(64) NOT NULL,
  `usr_name` VARCHAR(10) NOT NULL,
  `usr_grade` CHAR(4) NOT NULL,
  `usr_userlevel` INT NOT NULL DEFAULT 0,
  `usr_enabled` ENUM('Y', 'N') CHARACTER SET 'utf8' NOT NULL DEFAULT 'Y',
  `usr_gender` ENUM('F', 'M') CHARACTER SET 'utf8' NOT NULL DEFAULT 'M',
  PRIMARY KEY (`id`),
  INDEX `NO` (`usr_no` ASC),
  INDEX `PASSWD` (`usr_password` ASC))
ENGINE = InnoDB;



-- -----------------------------------------------------
-- Table `bbsdb`.`base`
-- -----------------------------------------------------
DROP TABLE IF EXISTS `bbsdb`.`base` ;

CREATE TABLE IF NOT EXISTS `bbsdb`.`base` (
  `id` INT NOT NULL AUTO_INCREMENT,
  `bas_name` VARCHAR(60) NOT NULL,
  `bas_comment` VARCHAR(150) NOT NULL,
  `bas_forbidden` ENUM('Y', 'N') CHARACTER SET 'utf8' NOT NULL DEFAULT 'N',
  `bas_postsCnt` INT NOT NULL,
  `bas_star` INT NOT NULL,
  `bas_clsec` ENUM('C', 'S') CHARACTER SET 'utf8' NOT NULL DEFAULT 'C',
  PRIMARY KEY(`id`))
ENGINE = InnoDB;



-- -----------------------------------------------------
-- Table `bbsdb`.`classes`
-- -----------------------------------------------------
DROP table IF EXISTS `bbsdb`.`classes` ;
CREATE TABLE IF NOT EXISTS `bbsdb`.`classes` (
  `cls_no` CHAR(20) NOT NULL,
  `cls_grade` CHAR(4) NOT NULL,
  `cls_term` CHAR(11) NOT NULL,
  `bas_id` INT NOT NULL,
  INDEX `fk_bas_class_classes_idx` (`bas_id` ASC),
  PRIMARY KEY(`bas_id`))
ENGINE = InnoDB;


-- -----------------------------------------------------
-- Table `bbsdb`.`sections`
-- -----------------------------------------------------
DROP table IF EXISTS `bbsdb`.`sections` ;
CREATE TABLE IF NOT EXISTS `bbsdb`.`sections` (
  `sec_no` CHAR(20) NOT NULL,
  `bas_id` INT NOT NULL,
  INDEX `fk_bas_section_sections_idx` (`bas_id` ASC),
  PRIMARY KEY(`bas_id`))
ENGINE = InnoDB;


-- -----------------------------------------------------
-- Table `bbsdb`.`admins`
-- -----------------------------------------------------
DROP TABLE IF EXISTS `bbsdb`.`admins` ;

CREATE TABLE IF NOT EXISTS `bbsdb`.`admins` (
  `usr_id` INT NOT NULL,
  `bas_id` INT NOT NULL,
  `adm_level` CHAR(10) NOT NULL DEFAULT 'NORMAL',
  `adm_delPst` ENUM('Y', 'N') CHARACTER SET 'utf8' NOT NULL DEFAULT 'N',
  `adm_delRep` ENUM('Y', 'N') CHARACTER SET 'utf8' NOT NULL DEFAULT 'N',
  `adm_lauNtc` ENUM('Y', 'N') CHARACTER SET 'utf8' NOT NULL DEFAULT 'N',
  `adm_modNtc` ENUM('Y', 'N') CHARACTER SET 'utf8' NOT NULL DEFAULT 'N',
  `adm_delNtc` ENUM('Y', 'N') CHARACTER SET 'utf8' NOT NULL DEFAULT 'N',
  INDEX `fk_usr_base_bases_idx` (`bas_id` ASC),
  INDEX `fk_base_usr_users_idx` (`usr_id` ASC),
  PRIMARY KEY (`usr_id`, `bas_id`))
ENGINE = InnoDB;


-- -----------------------------------------------------
-- Table `bbsdb`.`usr_base`
-- -----------------------------------------------------
DROP TABLE IF EXISTS `bbsdb`.`usr_base` ;

CREATE TABLE IF NOT EXISTS `bbsdb`.`usr_base` (
  `usr_id` INT NOT NULL,
  `bas_id` INT NOT NULL,
  INDEX `fk_usr_base_bases1_idx` (`bas_id` ASC),
  INDEX `fk_base_usr_users1_idx` (`usr_id` ASC),
  PRIMARY KEY (`usr_id`, `bas_id`))
ENGINE = InnoDB;


-- -----------------------------------------------------
-- Table `bbsdb`.`tags`
-- -----------------------------------------------------
DROP TABLE IF EXISTS `bbsdb`.`tags` ;

CREATE TABLE IF NOT EXISTS `bbsdb`.`tags` (
  `id` INT NOT NULL AUTO_INCREMENT,
  `tag_name` VARCHAR(10) NOT NULL,
  `tag_cnt` INT NOT NULL,
  PRIMARY KEY (`id`),
  UNIQUE INDEX `tag_name_UNIQUE` (`tag_name` ASC),
  UNIQUE INDEX `id_UNIQUE` (`id` ASC))
ENGINE = InnoDB;


-- -----------------------------------------------------
-- Table `bbsdb`.`forbidIP`
-- -----------------------------------------------------
DROP TABLE IF EXISTS `bbsdb`.`forbidIP` ;

CREATE TABLE IF NOT EXISTS `bbsdb`.`forbidIP` (
  `forbid_ip` VARCHAR(15) NOT NULL,
  `forbid_loginCnt` INT NOT NULL,
  `forbid_time` INT NOT NULL,
  PRIMARY KEY (`forbid_ip`))
ENGINE = InnoDB;


DELIMITER $
CREATE TRIGGER Update_Log
BEFORE INSERT ON forbidIP
FOR EACH ROW
BEGIN
  DECLARE pri INT;
  SET pri=(SELECT forbid_Cnt FROM forbidIP WHERE forbid_ip=NEW.forbid_ip);
  IF pri<10 THEN
    SET NEW.forbid_loginCnt=pri+1;
  ELSE
    SET NEW.forbid_loginCnt=1;
  END IF;
END$



SET SQL_MODE = '';
DROP USER IF EXISTS 'bbsmnger'@'localhost';
SET SQL_MODE='ONLY_FULL_GROUP_BY,STRICT_TRANS_TABLES,NO_ZERO_IN_DATE,NO_ZERO_DATE,ERROR_FOR_DIVISION_BY_ZERO,NO_ENGINE_SUBSTITUTION';
CREATE USER 'bbsmnger'@'localhost' IDENTIFIED BY 'sjbbs2019';

GRANT ALL ON `bbsdb`.* TO 'bbsmnger'@'localhost';

SET SQL_MODE=@OLD_SQL_MODE;
SET FOREIGN_KEY_CHECKS=@OLD_FOREIGN_KEY_CHECKS;
SET UNIQUE_CHECKS=@OLD_UNIQUE_CHECKS;

-- -----------------------------------------------------
-- Data for table `bbsdb`.`posts`
-- -----------------------------------------------------
START TRANSACTION;
USE `bbsdb`;
INSERT INTO `bbsdb`.`posts` (`id`, `usr_id`, `post_title`, `post_content`, `post_time`, `bas_id`, `post_mergedTo`, `post_deleted`, `post_onTop`, `post_repCnt`, `post_clickCnt`, `post_lastRepTime`) VALUES (1, 1, '【TEST】语言特性测试帖', '测试内容', DEFAULT, 1, NULL, DEFAULT, DEFAULT, DEFAULT, DEFAULT, DEFAULT);
INSERT INTO `bbsdb`.`posts` (`id`, `usr_id`, `post_title`, `post_content`, `post_time`, `bas_id`, `post_mergedTo`, `post_deleted`, `post_onTop`, `post_repCnt`, `post_clickCnt`, `post_lastRepTime`) VALUES (2, 1, '【TEST】作业问题测试帖', '没作业~~~', DEFAULT, 2, NULL, DEFAULT, DEFAULT, DEFAULT, DEFAULT, DEFAULT);
INSERT INTO `bbsdb`.`posts` (`id`, `usr_id`, `post_title`, `post_content`, `post_time`, `bas_id`, `post_mergedTo`, `post_deleted`, `post_onTop`, `post_repCnt`, `post_clickCnt`, `post_lastRepTime`) VALUES (3, 1, '【TEST】其它类型测试帖', '其它不是其他不是其她更不是其祂', DEFAULT, 3, NULL, DEFAULT, DEFAULT, DEFAULT, DEFAULT, DEFAULT);
INSERT INTO `bbsdb`.`posts` (`id`, `usr_id`, `post_title`, `post_content`, `post_time`, `bas_id`, `post_mergedTo`, `post_deleted`, `post_onTop`, `post_repCnt`, `post_clickCnt`, `post_lastRepTime`) VALUES (4, 1, '【TEST】测试帖', '是其祂', DEFAULT, 3, NULL, DEFAULT, DEFAULT, DEFAULT, DEFAULT, DEFAULT);

COMMIT;


-- -----------------------------------------------------
-- Data for table `bbsdb`.`users`
-- -----------------------------------------------------
START TRANSACTION;
USE `bbsdb`;
INSERT INTO `bbsdb`.`users` (`id`, `usr_no`, `usr_password`, `usr_name`, `usr_grade`, `usr_userlevel`, `usr_enabled`, `usr_gender`) VALUES (1, '1859999', '5e884898da28047151d0e56f8dc6292773603d0d6aabbdd62a11ef721d1542d8', 'test_user', '2018', 0, 'Y', 'M');
INSERT INTO `bbsdb`.`users` (`id`, `usr_no`, `usr_password`, `usr_name`, `usr_grade`, `usr_userlevel`, `usr_enabled`, `usr_gender`) VALUES (2, '1859998', '5e884898da28047151d0e56f8dc6292773603d0d6aabbdd62a11ef721d1542d8', 'god', '2018', 0, 'Y', 'F');
INSERT INTO `bbsdb`.`users` (`id`, `usr_no`, `usr_password`, `usr_name`, `usr_grade`, `usr_userlevel`, `usr_enabled`, `usr_gender`) VALUES (3, '1852409', '5e884898da28047151d0e56f8dc6292773603d0d6aabbdd62a11ef721d1542d8', 'ljg', '2019', 0, 'Y', 'M');

COMMIT;


-- -----------------------------------------------------
-- Data for table `bbsdb`.`sections`
-- -----------------------------------------------------
START TRANSACTION;
USE `bbsdb`;
INSERT INTO `bbsdb`.`sections` (`bas_id`, `sec_no`) VALUES (3, '511314567');

COMMIT;


-- -----------------------------------------------------
-- Data for table `bbsdb`.`classes`
-- -----------------------------------------------------
START TRANSACTION;
USE `bbsdb`;
INSERT INTO `bbsdb`.`classes` (`bas_id`, `cls_no`, `cls_grade`, `cls_term`) VALUES (1, '100384', '2018', '2018/2019/1');
INSERT INTO `bbsdb`.`classes` (`bas_id`, `cls_no`, `cls_grade`, `cls_term`) VALUES (2, '100388', '2019', '2019/2020/1');

COMMIT;


-- -----------------------------------------------------
-- Data for table `bbsdb`.`base`
-- -----------------------------------------------------
START TRANSACTION;
USE `bbsdb`;
INSERT INTO `bbsdb`.`base` (`id`, `bas_name`, `bas_comment`, `bas_forbidden`, `bas_postsCnt`, `bas_star`, `bas_clsec`) VALUES (1, '线性代数-TheShy', 'Tongji Univ linear algebra', 'N', 1, 0, 'C');
INSERT INTO `bbsdb`.`base` (`id`, `bas_name`, `bas_comment`, `bas_forbidden`, `bas_postsCnt`, `bas_star`, `bas_clsec`) VALUES (2, '高等数学-鱼雷', 'Welcome to AddMath of fish-ligntning', 'N', 1, 0, 'C');
INSERT INTO `bbsdb`.`base` (`id`, `bas_name`, `bas_comment`, `bas_forbidden`, `bas_postsCnt`, `bas_star`, `bas_clsec`) VALUES (3, '【话题】小琦的奇妙历险', 'Start dash!', 'N', 1, 0, 'S');

COMMIT;


-- -----------------------------------------------------
-- Data for table `bbsdb`.`usr_base`
-- -----------------------------------------------------
START TRANSACTION;
USE `bbsdb`;
INSERT INTO `bbsdb`.`usr_base` (`usr_id`, `bas_id`) VALUES (1, 1);
INSERT INTO `bbsdb`.`usr_base` (`usr_id`, `bas_id`) VALUES (1, 2);
INSERT INTO `bbsdb`.`usr_base` (`usr_id`, `bas_id`) VALUES (2, 1);
INSERT INTO `bbsdb`.`usr_base` (`usr_id`, `bas_id`) VALUES (3, 1);
INSERT INTO `bbsdb`.`usr_base` (`usr_id`, `bas_id`) VALUES (3, 3);
INSERT INTO `bbsdb`.`usr_base` (`usr_id`, `bas_id`) VALUES (2, 3);
COMMIT;


-- -----------------------------------------------------
-- Data for table `bbsdb`.`notices`
-- -----------------------------------------------------
START TRANSACTION;
USE `bbsdb`;
INSERT INTO `bbsdb`.`notices` (`id`, `ntc_time`, `ntc_content`, `ntc_deleted`, `usr_from`, `bas_id`) VALUES (1, '2020/02/12 14:37:21', 'lphnblphnblphnb!', 'N', 2, 2);
INSERT INTO `bbsdb`.`notices` (`id`, `ntc_time`, `ntc_content`, `ntc_deleted`, `usr_from`, `bas_id`) VALUES (2, '2020/02/12 15:37:21', 'ljgnbljgnbljgnb!', 'N', 2, 1);
INSERT INTO `bbsdb`.`notices` (`id`, `ntc_time`, `ntc_content`, `ntc_deleted`, `usr_from`, `bas_id`) VALUES (3, '2020/02/12 16:37:21', 'ofcourse!', 'N', 2, 1);

COMMIT;


-- -----------------------------------------------------
-- Data for table `bbsdb`.`admins`
-- -----------------------------------------------------
START TRANSACTION;
USE `bbsdb`;
INSERT INTO `bbsdb`.`admins` (`usr_id`, `bas_id`) VALUES (1, 1);
INSERT INTO `bbsdb`.`admins` (`usr_id`, `bas_id`) VALUES (2, 2);

COMMIT;


-- -----------------------------------------------------
-- Data for table `bbsdb`.`messages`
-- -----------------------------------------------------
START TRANSACTION;
USE `bbsdb`;
INSERT INTO `bbsdb`.`messages` (`msg_time`, `msg_content`, `usr_from`, `usr_to`) VALUES ('2020/02/12 15:37:21', 'lphnblphnblphnb!', 1, 2);
INSERT INTO `bbsdb`.`messages` (`msg_time`, `msg_content`, `usr_from`, `usr_to`) VALUES ('2020/02/12 15:38:21', 'ljgnbljgnbljgnb!', 2, 1);
INSERT INTO `bbsdb`.`messages` (`msg_time`, `msg_content`, `usr_from`, `usr_to`) VALUES ('2020/02/12 15:39:21', 'ofcourse!', 1, 3);
INSERT INTO `bbsdb`.`messages` (`msg_time`, `msg_content`, `usr_from`, `usr_to`) VALUES ('2020/02/12 15:40:21', 'u1s1,qs', 1, 2);

COMMIT;


-- -----------------------------------------------------
-- Data for table `bbsdb`.`post_tag`
-- -----------------------------------------------------
START TRANSACTION;
USE `bbsdb`;
INSERT INTO `bbsdb`.`post_tag` (`post_id`,`tag_id`) VALUES (1, 2);
INSERT INTO `bbsdb`.`post_tag` (`post_id`,`tag_id`) VALUES (1, 3);
INSERT INTO `bbsdb`.`post_tag` (`post_id`,`tag_id`) VALUES (2, 1);
INSERT INTO `bbsdb`.`post_tag` (`post_id`,`tag_id`) VALUES (4, 1);
INSERT INTO `bbsdb`.`post_tag` (`post_id`,`tag_id`) VALUES (3, 2);

COMMIT;


-- -----------------------------------------------------
-- Data for table `bbsdb`.`tags`
-- -----------------------------------------------------
INSERT INTO `bbsdb`.`tags` (`id`,`tag_name`, `tag_cnt`) VALUES (1,'super',2);
INSERT INTO `bbsdb`.`tags` (`id`,`tag_name`, `tag_cnt`) VALUES (2,'less',1);
INSERT INTO `bbsdb`.`tags` (`id`,`tag_name`, `tag_cnt`) VALUES (3,'exo',1);
INSERT INTO `bbsdb`.`tags` (`id`,`tag_name`, `tag_cnt`) VALUES (4,'lphdltql!',1);

COMMIT;
